'motion', 'color', 'geometry', 'group'
0, 0.648287, 0.878262, 0.952984
1, 0.948287, 0.678262, 0.952984